item_id,prompt
I0436,"Item Metadata:
- item_id: I0436
- Category: unk
- Shop: unk
- Brand: unk
Goal: match relevance for likely click."
I0122,"Item Metadata:
- item_id: I0122
- Category: unk
- Shop: unk
- Brand: unk
Goal: match relevance for likely click."
I0100,"Item Metadata:
- item_id: I0100
- Category: unk
- Shop: unk
- Brand: unk
Goal: match relevance for likely click."
I0344,"Item Metadata:
- item_id: I0344
- Category: unk
- Shop: unk
- Brand: unk
Goal: match relevance for likely click."
I0161,"Item Metadata:
- item_id: I0161
- Category: unk
- Shop: unk
- Brand: unk
Goal: match relevance for likely click."
I0049,"Item Metadata:
- item_id: I0049
- Category: unk
- Shop: unk
- Brand: unk
Goal: match relevance for likely click."
I0446,"Item Metadata:
- item_id: I0446
- Category: unk
- Shop: unk
- Brand: unk
Goal: match relevance for likely click."
I0131,"Item Metadata:
- item_id: I0131
- Category: unk
- Shop: unk
- Brand: unk
Goal: match relevance for likely click."
I0274,"Item Metadata:
- item_id: I0274
- Category: unk
- Shop: unk
- Brand: unk
Goal: match relevance for likely click."
I0346,"Item Metadata:
- item_id: I0346
- Category: unk
- Shop: unk
- Brand: unk
Goal: match relevance for likely click."
I0428,"Item Metadata:
- item_id: I0428
- Category: unk
- Shop: unk
- Brand: unk
Goal: match relevance for likely click."
I0050,"Item Metadata:
- item_id: I0050
- Category: unk
- Shop: unk
- Brand: unk
Goal: match relevance for likely click."
I0106,"Item Metadata:
- item_id: I0106
- Category: unk
- Shop: unk
- Brand: unk
Goal: match relevance for likely click."
I0162,"Item Metadata:
- item_id: I0162
- Category: unk
- Shop: unk
- Brand: unk
Goal: match relevance for likely click."
I0456,"Item Metadata:
- item_id: I0456
- Category: unk
- Shop: unk
- Brand: unk
Goal: match relevance for likely click."
I0213,"Item Metadata:
- item_id: I0213
- Category: unk
- Shop: unk
- Brand: unk
Goal: match relevance for likely click."
I0410,"Item Metadata:
- item_id: I0410
- Category: unk
- Shop: unk
- Brand: unk
Goal: match relevance for likely click."
I0345,"Item Metadata:
- item_id: I0345
- Category: unk
- Shop: unk
- Brand: unk
Goal: match relevance for likely click."
I0472,"Item Metadata:
- item_id: I0472
- Category: unk
- Shop: unk
- Brand: unk
Goal: match relevance for likely click."
I0289,"Item Metadata:
- item_id: I0289
- Category: unk
- Shop: unk
- Brand: unk
Goal: match relevance for likely click."
I0135,"Item Metadata:
- item_id: I0135
- Category: unk
- Shop: unk
- Brand: unk
Goal: match relevance for likely click."
I0407,"Item Metadata:
- item_id: I0407
- Category: unk
- Shop: unk
- Brand: unk
Goal: match relevance for likely click."
I0449,"Item Metadata:
- item_id: I0449
- Category: unk
- Shop: unk
- Brand: unk
Goal: match relevance for likely click."
I0005,"Item Metadata:
- item_id: I0005
- Category: unk
- Shop: unk
- Brand: unk
Goal: match relevance for likely click."
I0231,"Item Metadata:
- item_id: I0231
- Category: unk
- Shop: unk
- Brand: unk
Goal: match relevance for likely click."
I0160,"Item Metadata:
- item_id: I0160
- Category: unk
- Shop: unk
- Brand: unk
Goal: match relevance for likely click."
I0170,"Item Metadata:
- item_id: I0170
- Category: unk
- Shop: unk
- Brand: unk
Goal: match relevance for likely click."
I0108,"Item Metadata:
- item_id: I0108
- Category: unk
- Shop: unk
- Brand: unk
Goal: match relevance for likely click."
I0473,"Item Metadata:
- item_id: I0473
- Category: unk
- Shop: unk
- Brand: unk
Goal: match relevance for likely click."
I0121,"Item Metadata:
- item_id: I0121
- Category: unk
- Shop: unk
- Brand: unk
Goal: match relevance for likely click."
I0411,"Item Metadata:
- item_id: I0411
- Category: unk
- Shop: unk
- Brand: unk
Goal: match relevance for likely click."
I0152,"Item Metadata:
- item_id: I0152
- Category: unk
- Shop: unk
- Brand: unk
Goal: match relevance for likely click."
I0113,"Item Metadata:
- item_id: I0113
- Category: unk
- Shop: unk
- Brand: unk
Goal: match relevance for likely click."
I0386,"Item Metadata:
- item_id: I0386
- Category: unk
- Shop: unk
- Brand: unk
Goal: match relevance for likely click."
I0187,"Item Metadata:
- item_id: I0187
- Category: unk
- Shop: unk
- Brand: unk
Goal: match relevance for likely click."
I0485,"Item Metadata:
- item_id: I0485
- Category: unk
- Shop: unk
- Brand: unk
Goal: match relevance for likely click."
I0172,"Item Metadata:
- item_id: I0172
- Category: unk
- Shop: unk
- Brand: unk
Goal: match relevance for likely click."
I0123,"Item Metadata:
- item_id: I0123
- Category: unk
- Shop: unk
- Brand: unk
Goal: match relevance for likely click."
I0198,"Item Metadata:
- item_id: I0198
- Category: unk
- Shop: unk
- Brand: unk
Goal: match relevance for likely click."
I0420,"Item Metadata:
- item_id: I0420
- Category: unk
- Shop: unk
- Brand: unk
Goal: match relevance for likely click."
I0352,"Item Metadata:
- item_id: I0352
- Category: unk
- Shop: unk
- Brand: unk
Goal: match relevance for likely click."
I0039,"Item Metadata:
- item_id: I0039
- Category: unk
- Shop: unk
- Brand: unk
Goal: match relevance for likely click."
I0385,"Item Metadata:
- item_id: I0385
- Category: unk
- Shop: unk
- Brand: unk
Goal: match relevance for likely click."
I0233,"Item Metadata:
- item_id: I0233
- Category: unk
- Shop: unk
- Brand: unk
Goal: match relevance for likely click."
I0338,"Item Metadata:
- item_id: I0338
- Category: unk
- Shop: unk
- Brand: unk
Goal: match relevance for likely click."
I0484,"Item Metadata:
- item_id: I0484
- Category: unk
- Shop: unk
- Brand: unk
Goal: match relevance for likely click."
I0404,"Item Metadata:
- item_id: I0404
- Category: unk
- Shop: unk
- Brand: unk
Goal: match relevance for likely click."
I0176,"Item Metadata:
- item_id: I0176
- Category: unk
- Shop: unk
- Brand: unk
Goal: match relevance for likely click."
I0238,"Item Metadata:
- item_id: I0238
- Category: unk
- Shop: unk
- Brand: unk
Goal: match relevance for likely click."
I0283,"Item Metadata:
- item_id: I0283
- Category: unk
- Shop: unk
- Brand: unk
Goal: match relevance for likely click."
I0481,"Item Metadata:
- item_id: I0481
- Category: unk
- Shop: unk
- Brand: unk
Goal: match relevance for likely click."
I0035,"Item Metadata:
- item_id: I0035
- Category: unk
- Shop: unk
- Brand: unk
Goal: match relevance for likely click."
I0373,"Item Metadata:
- item_id: I0373
- Category: unk
- Shop: unk
- Brand: unk
Goal: match relevance for likely click."
I0349,"Item Metadata:
- item_id: I0349
- Category: unk
- Shop: unk
- Brand: unk
Goal: match relevance for likely click."
I0058,"Item Metadata:
- item_id: I0058
- Category: unk
- Shop: unk
- Brand: unk
Goal: match relevance for likely click."
I0431,"Item Metadata:
- item_id: I0431
- Category: unk
- Shop: unk
- Brand: unk
Goal: match relevance for likely click."
I0104,"Item Metadata:
- item_id: I0104
- Category: unk
- Shop: unk
- Brand: unk
Goal: match relevance for likely click."
I0477,"Item Metadata:
- item_id: I0477
- Category: unk
- Shop: unk
- Brand: unk
Goal: match relevance for likely click."
I0408,"Item Metadata:
- item_id: I0408
- Category: unk
- Shop: unk
- Brand: unk
Goal: match relevance for likely click."
I0173,"Item Metadata:
- item_id: I0173
- Category: unk
- Shop: unk
- Brand: unk
Goal: match relevance for likely click."
I0471,"Item Metadata:
- item_id: I0471
- Category: unk
- Shop: unk
- Brand: unk
Goal: match relevance for likely click."
I0342,"Item Metadata:
- item_id: I0342
- Category: unk
- Shop: unk
- Brand: unk
Goal: match relevance for likely click."
I0150,"Item Metadata:
- item_id: I0150
- Category: unk
- Shop: unk
- Brand: unk
Goal: match relevance for likely click."
I0491,"Item Metadata:
- item_id: I0491
- Category: unk
- Shop: unk
- Brand: unk
Goal: match relevance for likely click."
I0350,"Item Metadata:
- item_id: I0350
- Category: unk
- Shop: unk
- Brand: unk
Goal: match relevance for likely click."
I0269,"Item Metadata:
- item_id: I0269
- Category: unk
- Shop: unk
- Brand: unk
Goal: match relevance for likely click."
I0120,"Item Metadata:
- item_id: I0120
- Category: unk
- Shop: unk
- Brand: unk
Goal: match relevance for likely click."
I0318,"Item Metadata:
- item_id: I0318
- Category: unk
- Shop: unk
- Brand: unk
Goal: match relevance for likely click."
I0001,"Item Metadata:
- item_id: I0001
- Category: unk
- Shop: unk
- Brand: unk
Goal: match relevance for likely click."
I0278,"Item Metadata:
- item_id: I0278
- Category: unk
- Shop: unk
- Brand: unk
Goal: match relevance for likely click."
I0185,"Item Metadata:
- item_id: I0185
- Category: unk
- Shop: unk
- Brand: unk
Goal: match relevance for likely click."
I0341,"Item Metadata:
- item_id: I0341
- Category: unk
- Shop: unk
- Brand: unk
Goal: match relevance for likely click."
I0023,"Item Metadata:
- item_id: I0023
- Category: unk
- Shop: unk
- Brand: unk
Goal: match relevance for likely click."
I0223,"Item Metadata:
- item_id: I0223
- Category: unk
- Shop: unk
- Brand: unk
Goal: match relevance for likely click."
I0325,"Item Metadata:
- item_id: I0325
- Category: unk
- Shop: unk
- Brand: unk
Goal: match relevance for likely click."
I0497,"Item Metadata:
- item_id: I0497
- Category: unk
- Shop: unk
- Brand: unk
Goal: match relevance for likely click."
I0445,"Item Metadata:
- item_id: I0445
- Category: unk
- Shop: unk
- Brand: unk
Goal: match relevance for likely click."
I0417,"Item Metadata:
- item_id: I0417
- Category: unk
- Shop: unk
- Brand: unk
Goal: match relevance for likely click."
I0012,"Item Metadata:
- item_id: I0012
- Category: unk
- Shop: unk
- Brand: unk
Goal: match relevance for likely click."
I0215,"Item Metadata:
- item_id: I0215
- Category: unk
- Shop: unk
- Brand: unk
Goal: match relevance for likely click."
I0418,"Item Metadata:
- item_id: I0418
- Category: unk
- Shop: unk
- Brand: unk
Goal: match relevance for likely click."
I0493,"Item Metadata:
- item_id: I0493
- Category: unk
- Shop: unk
- Brand: unk
Goal: match relevance for likely click."
I0249,"Item Metadata:
- item_id: I0249
- Category: unk
- Shop: unk
- Brand: unk
Goal: match relevance for likely click."
I0227,"Item Metadata:
- item_id: I0227
- Category: unk
- Shop: unk
- Brand: unk
Goal: match relevance for likely click."
I0217,"Item Metadata:
- item_id: I0217
- Category: unk
- Shop: unk
- Brand: unk
Goal: match relevance for likely click."
I0368,"Item Metadata:
- item_id: I0368
- Category: unk
- Shop: unk
- Brand: unk
Goal: match relevance for likely click."
I0206,"Item Metadata:
- item_id: I0206
- Category: unk
- Shop: unk
- Brand: unk
Goal: match relevance for likely click."
I0099,"Item Metadata:
- item_id: I0099
- Category: unk
- Shop: unk
- Brand: unk
Goal: match relevance for likely click."
I0151,"Item Metadata:
- item_id: I0151
- Category: unk
- Shop: unk
- Brand: unk
Goal: match relevance for likely click."
I0186,"Item Metadata:
- item_id: I0186
- Category: unk
- Shop: unk
- Brand: unk
Goal: match relevance for likely click."
I0146,"Item Metadata:
- item_id: I0146
- Category: unk
- Shop: unk
- Brand: unk
Goal: match relevance for likely click."
I0253,"Item Metadata:
- item_id: I0253
- Category: unk
- Shop: unk
- Brand: unk
Goal: match relevance for likely click."
I0393,"Item Metadata:
- item_id: I0393
- Category: unk
- Shop: unk
- Brand: unk
Goal: match relevance for likely click."
I0165,"Item Metadata:
- item_id: I0165
- Category: unk
- Shop: unk
- Brand: unk
Goal: match relevance for likely click."
I0070,"Item Metadata:
- item_id: I0070
- Category: unk
- Shop: unk
- Brand: unk
Goal: match relevance for likely click."
I0202,"Item Metadata:
- item_id: I0202
- Category: unk
- Shop: unk
- Brand: unk
Goal: match relevance for likely click."
I0461,"Item Metadata:
- item_id: I0461
- Category: unk
- Shop: unk
- Brand: unk
Goal: match relevance for likely click."
I0134,"Item Metadata:
- item_id: I0134
- Category: unk
- Shop: unk
- Brand: unk
Goal: match relevance for likely click."
I0080,"Item Metadata:
- item_id: I0080
- Category: unk
- Shop: unk
- Brand: unk
Goal: match relevance for likely click."
I0020,"Item Metadata:
- item_id: I0020
- Category: unk
- Shop: unk
- Brand: unk
Goal: match relevance for likely click."
I0415,"Item Metadata:
- item_id: I0415
- Category: unk
- Shop: unk
- Brand: unk
Goal: match relevance for likely click."
I0358,"Item Metadata:
- item_id: I0358
- Category: unk
- Shop: unk
- Brand: unk
Goal: match relevance for likely click."
I0348,"Item Metadata:
- item_id: I0348
- Category: unk
- Shop: unk
- Brand: unk
Goal: match relevance for likely click."
I0028,"Item Metadata:
- item_id: I0028
- Category: unk
- Shop: unk
- Brand: unk
Goal: match relevance for likely click."
I0145,"Item Metadata:
- item_id: I0145
- Category: unk
- Shop: unk
- Brand: unk
Goal: match relevance for likely click."
I0397,"Item Metadata:
- item_id: I0397
- Category: unk
- Shop: unk
- Brand: unk
Goal: match relevance for likely click."
I0256,"Item Metadata:
- item_id: I0256
- Category: unk
- Shop: unk
- Brand: unk
Goal: match relevance for likely click."
I0286,"Item Metadata:
- item_id: I0286
- Category: unk
- Shop: unk
- Brand: unk
Goal: match relevance for likely click."
I0374,"Item Metadata:
- item_id: I0374
- Category: unk
- Shop: unk
- Brand: unk
Goal: match relevance for likely click."
I0282,"Item Metadata:
- item_id: I0282
- Category: unk
- Shop: unk
- Brand: unk
Goal: match relevance for likely click."
I0351,"Item Metadata:
- item_id: I0351
- Category: unk
- Shop: unk
- Brand: unk
Goal: match relevance for likely click."
I0457,"Item Metadata:
- item_id: I0457
- Category: unk
- Shop: unk
- Brand: unk
Goal: match relevance for likely click."
I0095,"Item Metadata:
- item_id: I0095
- Category: unk
- Shop: unk
- Brand: unk
Goal: match relevance for likely click."
I0118,"Item Metadata:
- item_id: I0118
- Category: unk
- Shop: unk
- Brand: unk
Goal: match relevance for likely click."
I0236,"Item Metadata:
- item_id: I0236
- Category: unk
- Shop: unk
- Brand: unk
Goal: match relevance for likely click."
I0435,"Item Metadata:
- item_id: I0435
- Category: unk
- Shop: unk
- Brand: unk
Goal: match relevance for likely click."
I0098,"Item Metadata:
- item_id: I0098
- Category: unk
- Shop: unk
- Brand: unk
Goal: match relevance for likely click."
I0247,"Item Metadata:
- item_id: I0247
- Category: unk
- Shop: unk
- Brand: unk
Goal: match relevance for likely click."
I0138,"Item Metadata:
- item_id: I0138
- Category: unk
- Shop: unk
- Brand: unk
Goal: match relevance for likely click."
I0034,"Item Metadata:
- item_id: I0034
- Category: unk
- Shop: unk
- Brand: unk
Goal: match relevance for likely click."
I0240,"Item Metadata:
- item_id: I0240
- Category: unk
- Shop: unk
- Brand: unk
Goal: match relevance for likely click."
I0336,"Item Metadata:
- item_id: I0336
- Category: unk
- Shop: unk
- Brand: unk
Goal: match relevance for likely click."
I0388,"Item Metadata:
- item_id: I0388
- Category: unk
- Shop: unk
- Brand: unk
Goal: match relevance for likely click."
I0061,"Item Metadata:
- item_id: I0061
- Category: unk
- Shop: unk
- Brand: unk
Goal: match relevance for likely click."
I0046,"Item Metadata:
- item_id: I0046
- Category: unk
- Shop: unk
- Brand: unk
Goal: match relevance for likely click."
I0073,"Item Metadata:
- item_id: I0073
- Category: unk
- Shop: unk
- Brand: unk
Goal: match relevance for likely click."
I0107,"Item Metadata:
- item_id: I0107
- Category: unk
- Shop: unk
- Brand: unk
Goal: match relevance for likely click."
I0008,"Item Metadata:
- item_id: I0008
- Category: unk
- Shop: unk
- Brand: unk
Goal: match relevance for likely click."
I0127,"Item Metadata:
- item_id: I0127
- Category: unk
- Shop: unk
- Brand: unk
Goal: match relevance for likely click."
I0365,"Item Metadata:
- item_id: I0365
- Category: unk
- Shop: unk
- Brand: unk
Goal: match relevance for likely click."
I0111,"Item Metadata:
- item_id: I0111
- Category: unk
- Shop: unk
- Brand: unk
Goal: match relevance for likely click."
I0294,"Item Metadata:
- item_id: I0294
- Category: unk
- Shop: unk
- Brand: unk
Goal: match relevance for likely click."
I0474,"Item Metadata:
- item_id: I0474
- Category: unk
- Shop: unk
- Brand: unk
Goal: match relevance for likely click."
I0068,"Item Metadata:
- item_id: I0068
- Category: unk
- Shop: unk
- Brand: unk
Goal: match relevance for likely click."
I0228,"Item Metadata:
- item_id: I0228
- Category: unk
- Shop: unk
- Brand: unk
Goal: match relevance for likely click."
I0369,"Item Metadata:
- item_id: I0369
- Category: unk
- Shop: unk
- Brand: unk
Goal: match relevance for likely click."
I0180,"Item Metadata:
- item_id: I0180
- Category: unk
- Shop: unk
- Brand: unk
Goal: match relevance for likely click."
I0229,"Item Metadata:
- item_id: I0229
- Category: unk
- Shop: unk
- Brand: unk
Goal: match relevance for likely click."
I0112,"Item Metadata:
- item_id: I0112
- Category: unk
- Shop: unk
- Brand: unk
Goal: match relevance for likely click."
I0243,"Item Metadata:
- item_id: I0243
- Category: unk
- Shop: unk
- Brand: unk
Goal: match relevance for likely click."
I0322,"Item Metadata:
- item_id: I0322
- Category: unk
- Shop: unk
- Brand: unk
Goal: match relevance for likely click."
I0094,"Item Metadata:
- item_id: I0094
- Category: unk
- Shop: unk
- Brand: unk
Goal: match relevance for likely click."
I0026,"Item Metadata:
- item_id: I0026
- Category: unk
- Shop: unk
- Brand: unk
Goal: match relevance for likely click."
I0140,"Item Metadata:
- item_id: I0140
- Category: unk
- Shop: unk
- Brand: unk
Goal: match relevance for likely click."
I0293,"Item Metadata:
- item_id: I0293
- Category: unk
- Shop: unk
- Brand: unk
Goal: match relevance for likely click."
I0390,"Item Metadata:
- item_id: I0390
- Category: unk
- Shop: unk
- Brand: unk
Goal: match relevance for likely click."
I0319,"Item Metadata:
- item_id: I0319
- Category: unk
- Shop: unk
- Brand: unk
Goal: match relevance for likely click."
I0069,"Item Metadata:
- item_id: I0069
- Category: unk
- Shop: unk
- Brand: unk
Goal: match relevance for likely click."
I0406,"Item Metadata:
- item_id: I0406
- Category: unk
- Shop: unk
- Brand: unk
Goal: match relevance for likely click."
I0078,"Item Metadata:
- item_id: I0078
- Category: unk
- Shop: unk
- Brand: unk
Goal: match relevance for likely click."
I0296,"Item Metadata:
- item_id: I0296
- Category: unk
- Shop: unk
- Brand: unk
Goal: match relevance for likely click."
I0125,"Item Metadata:
- item_id: I0125
- Category: unk
- Shop: unk
- Brand: unk
Goal: match relevance for likely click."
I0067,"Item Metadata:
- item_id: I0067
- Category: unk
- Shop: unk
- Brand: unk
Goal: match relevance for likely click."
I0038,"Item Metadata:
- item_id: I0038
- Category: unk
- Shop: unk
- Brand: unk
Goal: match relevance for likely click."
I0254,"Item Metadata:
- item_id: I0254
- Category: unk
- Shop: unk
- Brand: unk
Goal: match relevance for likely click."
I0330,"Item Metadata:
- item_id: I0330
- Category: unk
- Shop: unk
- Brand: unk
Goal: match relevance for likely click."
I0136,"Item Metadata:
- item_id: I0136
- Category: unk
- Shop: unk
- Brand: unk
Goal: match relevance for likely click."
I0130,"Item Metadata:
- item_id: I0130
- Category: unk
- Shop: unk
- Brand: unk
Goal: match relevance for likely click."
I0363,"Item Metadata:
- item_id: I0363
- Category: unk
- Shop: unk
- Brand: unk
Goal: match relevance for likely click."
I0133,"Item Metadata:
- item_id: I0133
- Category: unk
- Shop: unk
- Brand: unk
Goal: match relevance for likely click."
I0378,"Item Metadata:
- item_id: I0378
- Category: unk
- Shop: unk
- Brand: unk
Goal: match relevance for likely click."
I0297,"Item Metadata:
- item_id: I0297
- Category: unk
- Shop: unk
- Brand: unk
Goal: match relevance for likely click."
I0137,"Item Metadata:
- item_id: I0137
- Category: unk
- Shop: unk
- Brand: unk
Goal: match relevance for likely click."
I0291,"Item Metadata:
- item_id: I0291
- Category: unk
- Shop: unk
- Brand: unk
Goal: match relevance for likely click."
I0347,"Item Metadata:
- item_id: I0347
- Category: unk
- Shop: unk
- Brand: unk
Goal: match relevance for likely click."
I0182,"Item Metadata:
- item_id: I0182
- Category: unk
- Shop: unk
- Brand: unk
Goal: match relevance for likely click."
I0177,"Item Metadata:
- item_id: I0177
- Category: unk
- Shop: unk
- Brand: unk
Goal: match relevance for likely click."
I0455,"Item Metadata:
- item_id: I0455
- Category: unk
- Shop: unk
- Brand: unk
Goal: match relevance for likely click."
I0478,"Item Metadata:
- item_id: I0478
- Category: unk
- Shop: unk
- Brand: unk
Goal: match relevance for likely click."
I0158,"Item Metadata:
- item_id: I0158
- Category: unk
- Shop: unk
- Brand: unk
Goal: match relevance for likely click."
I0019,"Item Metadata:
- item_id: I0019
- Category: unk
- Shop: unk
- Brand: unk
Goal: match relevance for likely click."
I0476,"Item Metadata:
- item_id: I0476
- Category: unk
- Shop: unk
- Brand: unk
Goal: match relevance for likely click."
I0266,"Item Metadata:
- item_id: I0266
- Category: unk
- Shop: unk
- Brand: unk
Goal: match relevance for likely click."
I0055,"Item Metadata:
- item_id: I0055
- Category: unk
- Shop: unk
- Brand: unk
Goal: match relevance for likely click."
I0054,"Item Metadata:
- item_id: I0054
- Category: unk
- Shop: unk
- Brand: unk
Goal: match relevance for likely click."
I0495,"Item Metadata:
- item_id: I0495
- Category: unk
- Shop: unk
- Brand: unk
Goal: match relevance for likely click."
I0288,"Item Metadata:
- item_id: I0288
- Category: unk
- Shop: unk
- Brand: unk
Goal: match relevance for likely click."
I0263,"Item Metadata:
- item_id: I0263
- Category: unk
- Shop: unk
- Brand: unk
Goal: match relevance for likely click."
I0403,"Item Metadata:
- item_id: I0403
- Category: unk
- Shop: unk
- Brand: unk
Goal: match relevance for likely click."
I0303,"Item Metadata:
- item_id: I0303
- Category: unk
- Shop: unk
- Brand: unk
Goal: match relevance for likely click."
I0195,"Item Metadata:
- item_id: I0195
- Category: unk
- Shop: unk
- Brand: unk
Goal: match relevance for likely click."
I0226,"Item Metadata:
- item_id: I0226
- Category: unk
- Shop: unk
- Brand: unk
Goal: match relevance for likely click."
I0280,"Item Metadata:
- item_id: I0280
- Category: unk
- Shop: unk
- Brand: unk
Goal: match relevance for likely click."
I0224,"Item Metadata:
- item_id: I0224
- Category: unk
- Shop: unk
- Brand: unk
Goal: match relevance for likely click."
I0040,"Item Metadata:
- item_id: I0040
- Category: unk
- Shop: unk
- Brand: unk
Goal: match relevance for likely click."
I0235,"Item Metadata:
- item_id: I0235
- Category: unk
- Shop: unk
- Brand: unk
Goal: match relevance for likely click."
I0042,"Item Metadata:
- item_id: I0042
- Category: unk
- Shop: unk
- Brand: unk
Goal: match relevance for likely click."
I0153,"Item Metadata:
- item_id: I0153
- Category: unk
- Shop: unk
- Brand: unk
Goal: match relevance for likely click."
I0307,"Item Metadata:
- item_id: I0307
- Category: unk
- Shop: unk
- Brand: unk
Goal: match relevance for likely click."
I0427,"Item Metadata:
- item_id: I0427
- Category: unk
- Shop: unk
- Brand: unk
Goal: match relevance for likely click."
I0498,"Item Metadata:
- item_id: I0498
- Category: unk
- Shop: unk
- Brand: unk
Goal: match relevance for likely click."
I0354,"Item Metadata:
- item_id: I0354
- Category: unk
- Shop: unk
- Brand: unk
Goal: match relevance for likely click."
I0081,"Item Metadata:
- item_id: I0081
- Category: unk
- Shop: unk
- Brand: unk
Goal: match relevance for likely click."
I0466,"Item Metadata:
- item_id: I0466
- Category: unk
- Shop: unk
- Brand: unk
Goal: match relevance for likely click."
I0371,"Item Metadata:
- item_id: I0371
- Category: unk
- Shop: unk
- Brand: unk
Goal: match relevance for likely click."
I0273,"Item Metadata:
- item_id: I0273
- Category: unk
- Shop: unk
- Brand: unk
Goal: match relevance for likely click."
I0251,"Item Metadata:
- item_id: I0251
- Category: unk
- Shop: unk
- Brand: unk
Goal: match relevance for likely click."
I0245,"Item Metadata:
- item_id: I0245
- Category: unk
- Shop: unk
- Brand: unk
Goal: match relevance for likely click."
I0003,"Item Metadata:
- item_id: I0003
- Category: unk
- Shop: unk
- Brand: unk
Goal: match relevance for likely click."
I0399,"Item Metadata:
- item_id: I0399
- Category: unk
- Shop: unk
- Brand: unk
Goal: match relevance for likely click."
I0199,"Item Metadata:
- item_id: I0199
- Category: unk
- Shop: unk
- Brand: unk
Goal: match relevance for likely click."
I0310,"Item Metadata:
- item_id: I0310
- Category: unk
- Shop: unk
- Brand: unk
Goal: match relevance for likely click."
I0218,"Item Metadata:
- item_id: I0218
- Category: unk
- Shop: unk
- Brand: unk
Goal: match relevance for likely click."
I0463,"Item Metadata:
- item_id: I0463
- Category: unk
- Shop: unk
- Brand: unk
Goal: match relevance for likely click."
I0402,"Item Metadata:
- item_id: I0402
- Category: unk
- Shop: unk
- Brand: unk
Goal: match relevance for likely click."
I0453,"Item Metadata:
- item_id: I0453
- Category: unk
- Shop: unk
- Brand: unk
Goal: match relevance for likely click."
I0169,"Item Metadata:
- item_id: I0169
- Category: unk
- Shop: unk
- Brand: unk
Goal: match relevance for likely click."
I0356,"Item Metadata:
- item_id: I0356
- Category: unk
- Shop: unk
- Brand: unk
Goal: match relevance for likely click."
I0314,"Item Metadata:
- item_id: I0314
- Category: unk
- Shop: unk
- Brand: unk
Goal: match relevance for likely click."
I0437,"Item Metadata:
- item_id: I0437
- Category: unk
- Shop: unk
- Brand: unk
Goal: match relevance for likely click."
I0155,"Item Metadata:
- item_id: I0155
- Category: unk
- Shop: unk
- Brand: unk
Goal: match relevance for likely click."
I0188,"Item Metadata:
- item_id: I0188
- Category: unk
- Shop: unk
- Brand: unk
Goal: match relevance for likely click."
I0335,"Item Metadata:
- item_id: I0335
- Category: unk
- Shop: unk
- Brand: unk
Goal: match relevance for likely click."
I0210,"Item Metadata:
- item_id: I0210
- Category: unk
- Shop: unk
- Brand: unk
Goal: match relevance for likely click."
I0395,"Item Metadata:
- item_id: I0395
- Category: unk
- Shop: unk
- Brand: unk
Goal: match relevance for likely click."
I0459,"Item Metadata:
- item_id: I0459
- Category: unk
- Shop: unk
- Brand: unk
Goal: match relevance for likely click."
I0075,"Item Metadata:
- item_id: I0075
- Category: unk
- Shop: unk
- Brand: unk
Goal: match relevance for likely click."
I0441,"Item Metadata:
- item_id: I0441
- Category: unk
- Shop: unk
- Brand: unk
Goal: match relevance for likely click."
I0422,"Item Metadata:
- item_id: I0422
- Category: unk
- Shop: unk
- Brand: unk
Goal: match relevance for likely click."
I0072,"Item Metadata:
- item_id: I0072
- Category: unk
- Shop: unk
- Brand: unk
Goal: match relevance for likely click."
I0079,"Item Metadata:
- item_id: I0079
- Category: unk
- Shop: unk
- Brand: unk
Goal: match relevance for likely click."
I0448,"Item Metadata:
- item_id: I0448
- Category: unk
- Shop: unk
- Brand: unk
Goal: match relevance for likely click."
I0444,"Item Metadata:
- item_id: I0444
- Category: unk
- Shop: unk
- Brand: unk
Goal: match relevance for likely click."
I0277,"Item Metadata:
- item_id: I0277
- Category: unk
- Shop: unk
- Brand: unk
Goal: match relevance for likely click."
I0032,"Item Metadata:
- item_id: I0032
- Category: unk
- Shop: unk
- Brand: unk
Goal: match relevance for likely click."
I0425,"Item Metadata:
- item_id: I0425
- Category: unk
- Shop: unk
- Brand: unk
Goal: match relevance for likely click."
I0401,"Item Metadata:
- item_id: I0401
- Category: unk
- Shop: unk
- Brand: unk
Goal: match relevance for likely click."
I0002,"Item Metadata:
- item_id: I0002
- Category: unk
- Shop: unk
- Brand: unk
Goal: match relevance for likely click."
I0077,"Item Metadata:
- item_id: I0077
- Category: unk
- Shop: unk
- Brand: unk
Goal: match relevance for likely click."
I0305,"Item Metadata:
- item_id: I0305
- Category: unk
- Shop: unk
- Brand: unk
Goal: match relevance for likely click."
I0009,"Item Metadata:
- item_id: I0009
- Category: unk
- Shop: unk
- Brand: unk
Goal: match relevance for likely click."
I0370,"Item Metadata:
- item_id: I0370
- Category: unk
- Shop: unk
- Brand: unk
Goal: match relevance for likely click."
I0084,"Item Metadata:
- item_id: I0084
- Category: unk
- Shop: unk
- Brand: unk
Goal: match relevance for likely click."
I0087,"Item Metadata:
- item_id: I0087
- Category: unk
- Shop: unk
- Brand: unk
Goal: match relevance for likely click."
I0147,"Item Metadata:
- item_id: I0147
- Category: unk
- Shop: unk
- Brand: unk
Goal: match relevance for likely click."
I0309,"Item Metadata:
- item_id: I0309
- Category: unk
- Shop: unk
- Brand: unk
Goal: match relevance for likely click."
I0037,"Item Metadata:
- item_id: I0037
- Category: unk
- Shop: unk
- Brand: unk
Goal: match relevance for likely click."
I0250,"Item Metadata:
- item_id: I0250
- Category: unk
- Shop: unk
- Brand: unk
Goal: match relevance for likely click."
I0262,"Item Metadata:
- item_id: I0262
- Category: unk
- Shop: unk
- Brand: unk
Goal: match relevance for likely click."
I0268,"Item Metadata:
- item_id: I0268
- Category: unk
- Shop: unk
- Brand: unk
Goal: match relevance for likely click."
I0225,"Item Metadata:
- item_id: I0225
- Category: unk
- Shop: unk
- Brand: unk
Goal: match relevance for likely click."
I0298,"Item Metadata:
- item_id: I0298
- Category: unk
- Shop: unk
- Brand: unk
Goal: match relevance for likely click."
I0381,"Item Metadata:
- item_id: I0381
- Category: unk
- Shop: unk
- Brand: unk
Goal: match relevance for likely click."
I0066,"Item Metadata:
- item_id: I0066
- Category: unk
- Shop: unk
- Brand: unk
Goal: match relevance for likely click."
I0460,"Item Metadata:
- item_id: I0460
- Category: unk
- Shop: unk
- Brand: unk
Goal: match relevance for likely click."
I0010,"Item Metadata:
- item_id: I0010
- Category: unk
- Shop: unk
- Brand: unk
Goal: match relevance for likely click."
I0171,"Item Metadata:
- item_id: I0171
- Category: unk
- Shop: unk
- Brand: unk
Goal: match relevance for likely click."
I0207,"Item Metadata:
- item_id: I0207
- Category: unk
- Shop: unk
- Brand: unk
Goal: match relevance for likely click."
I0334,"Item Metadata:
- item_id: I0334
- Category: unk
- Shop: unk
- Brand: unk
Goal: match relevance for likely click."
I0181,"Item Metadata:
- item_id: I0181
- Category: unk
- Shop: unk
- Brand: unk
Goal: match relevance for likely click."
I0285,"Item Metadata:
- item_id: I0285
- Category: unk
- Shop: unk
- Brand: unk
Goal: match relevance for likely click."
I0308,"Item Metadata:
- item_id: I0308
- Category: unk
- Shop: unk
- Brand: unk
Goal: match relevance for likely click."
I0119,"Item Metadata:
- item_id: I0119
- Category: unk
- Shop: unk
- Brand: unk
Goal: match relevance for likely click."
I0464,"Item Metadata:
- item_id: I0464
- Category: unk
- Shop: unk
- Brand: unk
Goal: match relevance for likely click."
I0489,"Item Metadata:
- item_id: I0489
- Category: unk
- Shop: unk
- Brand: unk
Goal: match relevance for likely click."
I0102,"Item Metadata:
- item_id: I0102
- Category: unk
- Shop: unk
- Brand: unk
Goal: match relevance for likely click."
I0339,"Item Metadata:
- item_id: I0339
- Category: unk
- Shop: unk
- Brand: unk
Goal: match relevance for likely click."
I0405,"Item Metadata:
- item_id: I0405
- Category: unk
- Shop: unk
- Brand: unk
Goal: match relevance for likely click."
I0355,"Item Metadata:
- item_id: I0355
- Category: unk
- Shop: unk
- Brand: unk
Goal: match relevance for likely click."
I0265,"Item Metadata:
- item_id: I0265
- Category: unk
- Shop: unk
- Brand: unk
Goal: match relevance for likely click."
I0454,"Item Metadata:
- item_id: I0454
- Category: unk
- Shop: unk
- Brand: unk
Goal: match relevance for likely click."
I0292,"Item Metadata:
- item_id: I0292
- Category: unk
- Shop: unk
- Brand: unk
Goal: match relevance for likely click."
I0470,"Item Metadata:
- item_id: I0470
- Category: unk
- Shop: unk
- Brand: unk
Goal: match relevance for likely click."
I0052,"Item Metadata:
- item_id: I0052
- Category: unk
- Shop: unk
- Brand: unk
Goal: match relevance for likely click."
I0433,"Item Metadata:
- item_id: I0433
- Category: unk
- Shop: unk
- Brand: unk
Goal: match relevance for likely click."
I0447,"Item Metadata:
- item_id: I0447
- Category: unk
- Shop: unk
- Brand: unk
Goal: match relevance for likely click."
I0376,"Item Metadata:
- item_id: I0376
- Category: unk
- Shop: unk
- Brand: unk
Goal: match relevance for likely click."
I0060,"Item Metadata:
- item_id: I0060
- Category: unk
- Shop: unk
- Brand: unk
Goal: match relevance for likely click."
I0458,"Item Metadata:
- item_id: I0458
- Category: unk
- Shop: unk
- Brand: unk
Goal: match relevance for likely click."
I0483,"Item Metadata:
- item_id: I0483
- Category: unk
- Shop: unk
- Brand: unk
Goal: match relevance for likely click."
I0432,"Item Metadata:
- item_id: I0432
- Category: unk
- Shop: unk
- Brand: unk
Goal: match relevance for likely click."
I0011,"Item Metadata:
- item_id: I0011
- Category: unk
- Shop: unk
- Brand: unk
Goal: match relevance for likely click."
I0164,"Item Metadata:
- item_id: I0164
- Category: unk
- Shop: unk
- Brand: unk
Goal: match relevance for likely click."
I0230,"Item Metadata:
- item_id: I0230
- Category: unk
- Shop: unk
- Brand: unk
Goal: match relevance for likely click."
I0258,"Item Metadata:
- item_id: I0258
- Category: unk
- Shop: unk
- Brand: unk
Goal: match relevance for likely click."
I0116,"Item Metadata:
- item_id: I0116
- Category: unk
- Shop: unk
- Brand: unk
Goal: match relevance for likely click."
I0333,"Item Metadata:
- item_id: I0333
- Category: unk
- Shop: unk
- Brand: unk
Goal: match relevance for likely click."
I0468,"Item Metadata:
- item_id: I0468
- Category: unk
- Shop: unk
- Brand: unk
Goal: match relevance for likely click."
I0323,"Item Metadata:
- item_id: I0323
- Category: unk
- Shop: unk
- Brand: unk
Goal: match relevance for likely click."
I0239,"Item Metadata:
- item_id: I0239
- Category: unk
- Shop: unk
- Brand: unk
Goal: match relevance for likely click."
I0025,"Item Metadata:
- item_id: I0025
- Category: unk
- Shop: unk
- Brand: unk
Goal: match relevance for likely click."
I0117,"Item Metadata:
- item_id: I0117
- Category: unk
- Shop: unk
- Brand: unk
Goal: match relevance for likely click."
I0096,"Item Metadata:
- item_id: I0096
- Category: unk
- Shop: unk
- Brand: unk
Goal: match relevance for likely click."
I0329,"Item Metadata:
- item_id: I0329
- Category: unk
- Shop: unk
- Brand: unk
Goal: match relevance for likely click."
I0260,"Item Metadata:
- item_id: I0260
- Category: unk
- Shop: unk
- Brand: unk
Goal: match relevance for likely click."
I0380,"Item Metadata:
- item_id: I0380
- Category: unk
- Shop: unk
- Brand: unk
Goal: match relevance for likely click."
I0232,"Item Metadata:
- item_id: I0232
- Category: unk
- Shop: unk
- Brand: unk
Goal: match relevance for likely click."
I0029,"Item Metadata:
- item_id: I0029
- Category: unk
- Shop: unk
- Brand: unk
Goal: match relevance for likely click."
I0467,"Item Metadata:
- item_id: I0467
- Category: unk
- Shop: unk
- Brand: unk
Goal: match relevance for likely click."
I0499,"Item Metadata:
- item_id: I0499
- Category: unk
- Shop: unk
- Brand: unk
Goal: match relevance for likely click."
I0220,"Item Metadata:
- item_id: I0220
- Category: unk
- Shop: unk
- Brand: unk
Goal: match relevance for likely click."
I0255,"Item Metadata:
- item_id: I0255
- Category: unk
- Shop: unk
- Brand: unk
Goal: match relevance for likely click."
I0488,"Item Metadata:
- item_id: I0488
- Category: unk
- Shop: unk
- Brand: unk
Goal: match relevance for likely click."
I0400,"Item Metadata:
- item_id: I0400
- Category: unk
- Shop: unk
- Brand: unk
Goal: match relevance for likely click."
I0149,"Item Metadata:
- item_id: I0149
- Category: unk
- Shop: unk
- Brand: unk
Goal: match relevance for likely click."
I0022,"Item Metadata:
- item_id: I0022
- Category: unk
- Shop: unk
- Brand: unk
Goal: match relevance for likely click."
I0191,"Item Metadata:
- item_id: I0191
- Category: unk
- Shop: unk
- Brand: unk
Goal: match relevance for likely click."
I0367,"Item Metadata:
- item_id: I0367
- Category: unk
- Shop: unk
- Brand: unk
Goal: match relevance for likely click."
I0312,"Item Metadata:
- item_id: I0312
- Category: unk
- Shop: unk
- Brand: unk
Goal: match relevance for likely click."
I0132,"Item Metadata:
- item_id: I0132
- Category: unk
- Shop: unk
- Brand: unk
Goal: match relevance for likely click."
I0221,"Item Metadata:
- item_id: I0221
- Category: unk
- Shop: unk
- Brand: unk
Goal: match relevance for likely click."
I0109,"Item Metadata:
- item_id: I0109
- Category: unk
- Shop: unk
- Brand: unk
Goal: match relevance for likely click."
I0192,"Item Metadata:
- item_id: I0192
- Category: unk
- Shop: unk
- Brand: unk
Goal: match relevance for likely click."
I0124,"Item Metadata:
- item_id: I0124
- Category: unk
- Shop: unk
- Brand: unk
Goal: match relevance for likely click."
I0500,"Item Metadata:
- item_id: I0500
- Category: unk
- Shop: unk
- Brand: unk
Goal: match relevance for likely click."
I0261,"Item Metadata:
- item_id: I0261
- Category: unk
- Shop: unk
- Brand: unk
Goal: match relevance for likely click."
I0394,"Item Metadata:
- item_id: I0394
- Category: unk
- Shop: unk
- Brand: unk
Goal: match relevance for likely click."
I0044,"Item Metadata:
- item_id: I0044
- Category: unk
- Shop: unk
- Brand: unk
Goal: match relevance for likely click."
I0475,"Item Metadata:
- item_id: I0475
- Category: unk
- Shop: unk
- Brand: unk
Goal: match relevance for likely click."
I0492,"Item Metadata:
- item_id: I0492
- Category: unk
- Shop: unk
- Brand: unk
Goal: match relevance for likely click."
I0086,"Item Metadata:
- item_id: I0086
- Category: unk
- Shop: unk
- Brand: unk
Goal: match relevance for likely click."
I0059,"Item Metadata:
- item_id: I0059
- Category: unk
- Shop: unk
- Brand: unk
Goal: match relevance for likely click."
I0366,"Item Metadata:
- item_id: I0366
- Category: unk
- Shop: unk
- Brand: unk
Goal: match relevance for likely click."
I0092,"Item Metadata:
- item_id: I0092
- Category: unk
- Shop: unk
- Brand: unk
Goal: match relevance for likely click."
I0284,"Item Metadata:
- item_id: I0284
- Category: unk
- Shop: unk
- Brand: unk
Goal: match relevance for likely click."
I0167,"Item Metadata:
- item_id: I0167
- Category: unk
- Shop: unk
- Brand: unk
Goal: match relevance for likely click."
I0246,"Item Metadata:
- item_id: I0246
- Category: unk
- Shop: unk
- Brand: unk
Goal: match relevance for likely click."
I0016,"Item Metadata:
- item_id: I0016
- Category: unk
- Shop: unk
- Brand: unk
Goal: match relevance for likely click."
I0372,"Item Metadata:
- item_id: I0372
- Category: unk
- Shop: unk
- Brand: unk
Goal: match relevance for likely click."
I0377,"Item Metadata:
- item_id: I0377
- Category: unk
- Shop: unk
- Brand: unk
Goal: match relevance for likely click."
I0076,"Item Metadata:
- item_id: I0076
- Category: unk
- Shop: unk
- Brand: unk
Goal: match relevance for likely click."
I0419,"Item Metadata:
- item_id: I0419
- Category: unk
- Shop: unk
- Brand: unk
Goal: match relevance for likely click."
I0201,"Item Metadata:
- item_id: I0201
- Category: unk
- Shop: unk
- Brand: unk
Goal: match relevance for likely click."
I0443,"Item Metadata:
- item_id: I0443
- Category: unk
- Shop: unk
- Brand: unk
Goal: match relevance for likely click."
I0328,"Item Metadata:
- item_id: I0328
- Category: unk
- Shop: unk
- Brand: unk
Goal: match relevance for likely click."
I0281,"Item Metadata:
- item_id: I0281
- Category: unk
- Shop: unk
- Brand: unk
Goal: match relevance for likely click."
I0375,"Item Metadata:
- item_id: I0375
- Category: unk
- Shop: unk
- Brand: unk
Goal: match relevance for likely click."
I0179,"Item Metadata:
- item_id: I0179
- Category: unk
- Shop: unk
- Brand: unk
Goal: match relevance for likely click."
I0362,"Item Metadata:
- item_id: I0362
- Category: unk
- Shop: unk
- Brand: unk
Goal: match relevance for likely click."
I0424,"Item Metadata:
- item_id: I0424
- Category: unk
- Shop: unk
- Brand: unk
Goal: match relevance for likely click."
I0190,"Item Metadata:
- item_id: I0190
- Category: unk
- Shop: unk
- Brand: unk
Goal: match relevance for likely click."
I0295,"Item Metadata:
- item_id: I0295
- Category: unk
- Shop: unk
- Brand: unk
Goal: match relevance for likely click."
I0267,"Item Metadata:
- item_id: I0267
- Category: unk
- Shop: unk
- Brand: unk
Goal: match relevance for likely click."
I0045,"Item Metadata:
- item_id: I0045
- Category: unk
- Shop: unk
- Brand: unk
Goal: match relevance for likely click."
I0090,"Item Metadata:
- item_id: I0090
- Category: unk
- Shop: unk
- Brand: unk
Goal: match relevance for likely click."
I0175,"Item Metadata:
- item_id: I0175
- Category: unk
- Shop: unk
- Brand: unk
Goal: match relevance for likely click."
I0041,"Item Metadata:
- item_id: I0041
- Category: unk
- Shop: unk
- Brand: unk
Goal: match relevance for likely click."
I0451,"Item Metadata:
- item_id: I0451
- Category: unk
- Shop: unk
- Brand: unk
Goal: match relevance for likely click."
I0440,"Item Metadata:
- item_id: I0440
- Category: unk
- Shop: unk
- Brand: unk
Goal: match relevance for likely click."
I0193,"Item Metadata:
- item_id: I0193
- Category: unk
- Shop: unk
- Brand: unk
Goal: match relevance for likely click."
I0031,"Item Metadata:
- item_id: I0031
- Category: unk
- Shop: unk
- Brand: unk
Goal: match relevance for likely click."
I0430,"Item Metadata:
- item_id: I0430
- Category: unk
- Shop: unk
- Brand: unk
Goal: match relevance for likely click."
I0315,"Item Metadata:
- item_id: I0315
- Category: unk
- Shop: unk
- Brand: unk
Goal: match relevance for likely click."
I0196,"Item Metadata:
- item_id: I0196
- Category: unk
- Shop: unk
- Brand: unk
Goal: match relevance for likely click."
I0051,"Item Metadata:
- item_id: I0051
- Category: unk
- Shop: unk
- Brand: unk
Goal: match relevance for likely click."
I0300,"Item Metadata:
- item_id: I0300
- Category: unk
- Shop: unk
- Brand: unk
Goal: match relevance for likely click."
I0091,"Item Metadata:
- item_id: I0091
- Category: unk
- Shop: unk
- Brand: unk
Goal: match relevance for likely click."
I0126,"Item Metadata:
- item_id: I0126
- Category: unk
- Shop: unk
- Brand: unk
Goal: match relevance for likely click."
I0184,"Item Metadata:
- item_id: I0184
- Category: unk
- Shop: unk
- Brand: unk
Goal: match relevance for likely click."
I0389,"Item Metadata:
- item_id: I0389
- Category: unk
- Shop: unk
- Brand: unk
Goal: match relevance for likely click."
I0414,"Item Metadata:
- item_id: I0414
- Category: unk
- Shop: unk
- Brand: unk
Goal: match relevance for likely click."
I0450,"Item Metadata:
- item_id: I0450
- Category: unk
- Shop: unk
- Brand: unk
Goal: match relevance for likely click."
I0479,"Item Metadata:
- item_id: I0479
- Category: unk
- Shop: unk
- Brand: unk
Goal: match relevance for likely click."
I0214,"Item Metadata:
- item_id: I0214
- Category: unk
- Shop: unk
- Brand: unk
Goal: match relevance for likely click."
I0156,"Item Metadata:
- item_id: I0156
- Category: unk
- Shop: unk
- Brand: unk
Goal: match relevance for likely click."
I0101,"Item Metadata:
- item_id: I0101
- Category: unk
- Shop: unk
- Brand: unk
Goal: match relevance for likely click."
I0326,"Item Metadata:
- item_id: I0326
- Category: unk
- Shop: unk
- Brand: unk
Goal: match relevance for likely click."
I0438,"Item Metadata:
- item_id: I0438
- Category: unk
- Shop: unk
- Brand: unk
Goal: match relevance for likely click."
I0313,"Item Metadata:
- item_id: I0313
- Category: unk
- Shop: unk
- Brand: unk
Goal: match relevance for likely click."
I0387,"Item Metadata:
- item_id: I0387
- Category: unk
- Shop: unk
- Brand: unk
Goal: match relevance for likely click."
I0024,"Item Metadata:
- item_id: I0024
- Category: unk
- Shop: unk
- Brand: unk
Goal: match relevance for likely click."
I0465,"Item Metadata:
- item_id: I0465
- Category: unk
- Shop: unk
- Brand: unk
Goal: match relevance for likely click."
I0480,"Item Metadata:
- item_id: I0480
- Category: unk
- Shop: unk
- Brand: unk
Goal: match relevance for likely click."
I0057,"Item Metadata:
- item_id: I0057
- Category: unk
- Shop: unk
- Brand: unk
Goal: match relevance for likely click."
I0272,"Item Metadata:
- item_id: I0272
- Category: unk
- Shop: unk
- Brand: unk
Goal: match relevance for likely click."
I0141,"Item Metadata:
- item_id: I0141
- Category: unk
- Shop: unk
- Brand: unk
Goal: match relevance for likely click."
I0093,"Item Metadata:
- item_id: I0093
- Category: unk
- Shop: unk
- Brand: unk
Goal: match relevance for likely click."
I0327,"Item Metadata:
- item_id: I0327
- Category: unk
- Shop: unk
- Brand: unk
Goal: match relevance for likely click."
I0163,"Item Metadata:
- item_id: I0163
- Category: unk
- Shop: unk
- Brand: unk
Goal: match relevance for likely click."
I0082,"Item Metadata:
- item_id: I0082
- Category: unk
- Shop: unk
- Brand: unk
Goal: match relevance for likely click."
I0242,"Item Metadata:
- item_id: I0242
- Category: unk
- Shop: unk
- Brand: unk
Goal: match relevance for likely click."
I0103,"Item Metadata:
- item_id: I0103
- Category: unk
- Shop: unk
- Brand: unk
Goal: match relevance for likely click."
I0030,"Item Metadata:
- item_id: I0030
- Category: unk
- Shop: unk
- Brand: unk
Goal: match relevance for likely click."
I0382,"Item Metadata:
- item_id: I0382
- Category: unk
- Shop: unk
- Brand: unk
Goal: match relevance for likely click."
I0426,"Item Metadata:
- item_id: I0426
- Category: unk
- Shop: unk
- Brand: unk
Goal: match relevance for likely click."
I0048,"Item Metadata:
- item_id: I0048
- Category: unk
- Shop: unk
- Brand: unk
Goal: match relevance for likely click."
I0241,"Item Metadata:
- item_id: I0241
- Category: unk
- Shop: unk
- Brand: unk
Goal: match relevance for likely click."
I0088,"Item Metadata:
- item_id: I0088
- Category: unk
- Shop: unk
- Brand: unk
Goal: match relevance for likely click."
I0337,"Item Metadata:
- item_id: I0337
- Category: unk
- Shop: unk
- Brand: unk
Goal: match relevance for likely click."
I0189,"Item Metadata:
- item_id: I0189
- Category: unk
- Shop: unk
- Brand: unk
Goal: match relevance for likely click."
I0412,"Item Metadata:
- item_id: I0412
- Category: unk
- Shop: unk
- Brand: unk
Goal: match relevance for likely click."
I0379,"Item Metadata:
- item_id: I0379
- Category: unk
- Shop: unk
- Brand: unk
Goal: match relevance for likely click."
I0128,"Item Metadata:
- item_id: I0128
- Category: unk
- Shop: unk
- Brand: unk
Goal: match relevance for likely click."
I0157,"Item Metadata:
- item_id: I0157
- Category: unk
- Shop: unk
- Brand: unk
Goal: match relevance for likely click."
I0166,"Item Metadata:
- item_id: I0166
- Category: unk
- Shop: unk
- Brand: unk
Goal: match relevance for likely click."
I0413,"Item Metadata:
- item_id: I0413
- Category: unk
- Shop: unk
- Brand: unk
Goal: match relevance for likely click."
I0083,"Item Metadata:
- item_id: I0083
- Category: unk
- Shop: unk
- Brand: unk
Goal: match relevance for likely click."
I0409,"Item Metadata:
- item_id: I0409
- Category: unk
- Shop: unk
- Brand: unk
Goal: match relevance for likely click."
I0434,"Item Metadata:
- item_id: I0434
- Category: unk
- Shop: unk
- Brand: unk
Goal: match relevance for likely click."
I0275,"Item Metadata:
- item_id: I0275
- Category: unk
- Shop: unk
- Brand: unk
Goal: match relevance for likely click."
I0018,"Item Metadata:
- item_id: I0018
- Category: unk
- Shop: unk
- Brand: unk
Goal: match relevance for likely click."
I0234,"Item Metadata:
- item_id: I0234
- Category: unk
- Shop: unk
- Brand: unk
Goal: match relevance for likely click."
I0006,"Item Metadata:
- item_id: I0006
- Category: unk
- Shop: unk
- Brand: unk
Goal: match relevance for likely click."
I0360,"Item Metadata:
- item_id: I0360
- Category: unk
- Shop: unk
- Brand: unk
Goal: match relevance for likely click."
I0482,"Item Metadata:
- item_id: I0482
- Category: unk
- Shop: unk
- Brand: unk
Goal: match relevance for likely click."
I0357,"Item Metadata:
- item_id: I0357
- Category: unk
- Shop: unk
- Brand: unk
Goal: match relevance for likely click."
I0063,"Item Metadata:
- item_id: I0063
- Category: unk
- Shop: unk
- Brand: unk
Goal: match relevance for likely click."
I0416,"Item Metadata:
- item_id: I0416
- Category: unk
- Shop: unk
- Brand: unk
Goal: match relevance for likely click."
I0383,"Item Metadata:
- item_id: I0383
- Category: unk
- Shop: unk
- Brand: unk
Goal: match relevance for likely click."
I0148,"Item Metadata:
- item_id: I0148
- Category: unk
- Shop: unk
- Brand: unk
Goal: match relevance for likely click."
I0340,"Item Metadata:
- item_id: I0340
- Category: unk
- Shop: unk
- Brand: unk
Goal: match relevance for likely click."
I0064,"Item Metadata:
- item_id: I0064
- Category: unk
- Shop: unk
- Brand: unk
Goal: match relevance for likely click."
I0013,"Item Metadata:
- item_id: I0013
- Category: unk
- Shop: unk
- Brand: unk
Goal: match relevance for likely click."
I0065,"Item Metadata:
- item_id: I0065
- Category: unk
- Shop: unk
- Brand: unk
Goal: match relevance for likely click."
I0279,"Item Metadata:
- item_id: I0279
- Category: unk
- Shop: unk
- Brand: unk
Goal: match relevance for likely click."
I0359,"Item Metadata:
- item_id: I0359
- Category: unk
- Shop: unk
- Brand: unk
Goal: match relevance for likely click."
I0392,"Item Metadata:
- item_id: I0392
- Category: unk
- Shop: unk
- Brand: unk
Goal: match relevance for likely click."
I0299,"Item Metadata:
- item_id: I0299
- Category: unk
- Shop: unk
- Brand: unk
Goal: match relevance for likely click."
I0237,"Item Metadata:
- item_id: I0237
- Category: unk
- Shop: unk
- Brand: unk
Goal: match relevance for likely click."
I0332,"Item Metadata:
- item_id: I0332
- Category: unk
- Shop: unk
- Brand: unk
Goal: match relevance for likely click."
I0462,"Item Metadata:
- item_id: I0462
- Category: unk
- Shop: unk
- Brand: unk
Goal: match relevance for likely click."
I0421,"Item Metadata:
- item_id: I0421
- Category: unk
- Shop: unk
- Brand: unk
Goal: match relevance for likely click."
I0271,"Item Metadata:
- item_id: I0271
- Category: unk
- Shop: unk
- Brand: unk
Goal: match relevance for likely click."
I0071,"Item Metadata:
- item_id: I0071
- Category: unk
- Shop: unk
- Brand: unk
Goal: match relevance for likely click."
I0004,"Item Metadata:
- item_id: I0004
- Category: unk
- Shop: unk
- Brand: unk
Goal: match relevance for likely click."
I0316,"Item Metadata:
- item_id: I0316
- Category: unk
- Shop: unk
- Brand: unk
Goal: match relevance for likely click."
I0074,"Item Metadata:
- item_id: I0074
- Category: unk
- Shop: unk
- Brand: unk
Goal: match relevance for likely click."
I0331,"Item Metadata:
- item_id: I0331
- Category: unk
- Shop: unk
- Brand: unk
Goal: match relevance for likely click."
I0487,"Item Metadata:
- item_id: I0487
- Category: unk
- Shop: unk
- Brand: unk
Goal: match relevance for likely click."
I0270,"Item Metadata:
- item_id: I0270
- Category: unk
- Shop: unk
- Brand: unk
Goal: match relevance for likely click."
I0311,"Item Metadata:
- item_id: I0311
- Category: unk
- Shop: unk
- Brand: unk
Goal: match relevance for likely click."
I0290,"Item Metadata:
- item_id: I0290
- Category: unk
- Shop: unk
- Brand: unk
Goal: match relevance for likely click."
I0129,"Item Metadata:
- item_id: I0129
- Category: unk
- Shop: unk
- Brand: unk
Goal: match relevance for likely click."
I0361,"Item Metadata:
- item_id: I0361
- Category: unk
- Shop: unk
- Brand: unk
Goal: match relevance for likely click."
I0396,"Item Metadata:
- item_id: I0396
- Category: unk
- Shop: unk
- Brand: unk
Goal: match relevance for likely click."
I0343,"Item Metadata:
- item_id: I0343
- Category: unk
- Shop: unk
- Brand: unk
Goal: match relevance for likely click."
I0219,"Item Metadata:
- item_id: I0219
- Category: unk
- Shop: unk
- Brand: unk
Goal: match relevance for likely click."
I0276,"Item Metadata:
- item_id: I0276
- Category: unk
- Shop: unk
- Brand: unk
Goal: match relevance for likely click."
I0211,"Item Metadata:
- item_id: I0211
- Category: unk
- Shop: unk
- Brand: unk
Goal: match relevance for likely click."
I0324,"Item Metadata:
- item_id: I0324
- Category: unk
- Shop: unk
- Brand: unk
Goal: match relevance for likely click."
I0320,"Item Metadata:
- item_id: I0320
- Category: unk
- Shop: unk
- Brand: unk
Goal: match relevance for likely click."
I0085,"Item Metadata:
- item_id: I0085
- Category: unk
- Shop: unk
- Brand: unk
Goal: match relevance for likely click."
I0200,"Item Metadata:
- item_id: I0200
- Category: unk
- Shop: unk
- Brand: unk
Goal: match relevance for likely click."
I0154,"Item Metadata:
- item_id: I0154
- Category: unk
- Shop: unk
- Brand: unk
Goal: match relevance for likely click."
I0429,"Item Metadata:
- item_id: I0429
- Category: unk
- Shop: unk
- Brand: unk
Goal: match relevance for likely click."
I0203,"Item Metadata:
- item_id: I0203
- Category: unk
- Shop: unk
- Brand: unk
Goal: match relevance for likely click."
I0287,"Item Metadata:
- item_id: I0287
- Category: unk
- Shop: unk
- Brand: unk
Goal: match relevance for likely click."
I0168,"Item Metadata:
- item_id: I0168
- Category: unk
- Shop: unk
- Brand: unk
Goal: match relevance for likely click."
I0439,"Item Metadata:
- item_id: I0439
- Category: unk
- Shop: unk
- Brand: unk
Goal: match relevance for likely click."
I0021,"Item Metadata:
- item_id: I0021
- Category: unk
- Shop: unk
- Brand: unk
Goal: match relevance for likely click."
I0490,"Item Metadata:
- item_id: I0490
- Category: unk
- Shop: unk
- Brand: unk
Goal: match relevance for likely click."
I0244,"Item Metadata:
- item_id: I0244
- Category: unk
- Shop: unk
- Brand: unk
Goal: match relevance for likely click."
I0197,"Item Metadata:
- item_id: I0197
- Category: unk
- Shop: unk
- Brand: unk
Goal: match relevance for likely click."
I0036,"Item Metadata:
- item_id: I0036
- Category: unk
- Shop: unk
- Brand: unk
Goal: match relevance for likely click."
I0115,"Item Metadata:
- item_id: I0115
- Category: unk
- Shop: unk
- Brand: unk
Goal: match relevance for likely click."
I0007,"Item Metadata:
- item_id: I0007
- Category: unk
- Shop: unk
- Brand: unk
Goal: match relevance for likely click."
I0178,"Item Metadata:
- item_id: I0178
- Category: unk
- Shop: unk
- Brand: unk
Goal: match relevance for likely click."
I0209,"Item Metadata:
- item_id: I0209
- Category: unk
- Shop: unk
- Brand: unk
Goal: match relevance for likely click."
I0097,"Item Metadata:
- item_id: I0097
- Category: unk
- Shop: unk
- Brand: unk
Goal: match relevance for likely click."
I0216,"Item Metadata:
- item_id: I0216
- Category: unk
- Shop: unk
- Brand: unk
Goal: match relevance for likely click."
I0398,"Item Metadata:
- item_id: I0398
- Category: unk
- Shop: unk
- Brand: unk
Goal: match relevance for likely click."
I0321,"Item Metadata:
- item_id: I0321
- Category: unk
- Shop: unk
- Brand: unk
Goal: match relevance for likely click."
I0062,"Item Metadata:
- item_id: I0062
- Category: unk
- Shop: unk
- Brand: unk
Goal: match relevance for likely click."
I0183,"Item Metadata:
- item_id: I0183
- Category: unk
- Shop: unk
- Brand: unk
Goal: match relevance for likely click."
I0047,"Item Metadata:
- item_id: I0047
- Category: unk
- Shop: unk
- Brand: unk
Goal: match relevance for likely click."
I0442,"Item Metadata:
- item_id: I0442
- Category: unk
- Shop: unk
- Brand: unk
Goal: match relevance for likely click."
I0212,"Item Metadata:
- item_id: I0212
- Category: unk
- Shop: unk
- Brand: unk
Goal: match relevance for likely click."
I0257,"Item Metadata:
- item_id: I0257
- Category: unk
- Shop: unk
- Brand: unk
Goal: match relevance for likely click."
I0110,"Item Metadata:
- item_id: I0110
- Category: unk
- Shop: unk
- Brand: unk
Goal: match relevance for likely click."
I0208,"Item Metadata:
- item_id: I0208
- Category: unk
- Shop: unk
- Brand: unk
Goal: match relevance for likely click."
I0105,"Item Metadata:
- item_id: I0105
- Category: unk
- Shop: unk
- Brand: unk
Goal: match relevance for likely click."
I0143,"Item Metadata:
- item_id: I0143
- Category: unk
- Shop: unk
- Brand: unk
Goal: match relevance for likely click."
I0174,"Item Metadata:
- item_id: I0174
- Category: unk
- Shop: unk
- Brand: unk
Goal: match relevance for likely click."
I0486,"Item Metadata:
- item_id: I0486
- Category: unk
- Shop: unk
- Brand: unk
Goal: match relevance for likely click."
I0017,"Item Metadata:
- item_id: I0017
- Category: unk
- Shop: unk
- Brand: unk
Goal: match relevance for likely click."
I0302,"Item Metadata:
- item_id: I0302
- Category: unk
- Shop: unk
- Brand: unk
Goal: match relevance for likely click."
I0259,"Item Metadata:
- item_id: I0259
- Category: unk
- Shop: unk
- Brand: unk
Goal: match relevance for likely click."
I0089,"Item Metadata:
- item_id: I0089
- Category: unk
- Shop: unk
- Brand: unk
Goal: match relevance for likely click."
I0494,"Item Metadata:
- item_id: I0494
- Category: unk
- Shop: unk
- Brand: unk
Goal: match relevance for likely click."
I0496,"Item Metadata:
- item_id: I0496
- Category: unk
- Shop: unk
- Brand: unk
Goal: match relevance for likely click."
I0391,"Item Metadata:
- item_id: I0391
- Category: unk
- Shop: unk
- Brand: unk
Goal: match relevance for likely click."
I0114,"Item Metadata:
- item_id: I0114
- Category: unk
- Shop: unk
- Brand: unk
Goal: match relevance for likely click."
I0204,"Item Metadata:
- item_id: I0204
- Category: unk
- Shop: unk
- Brand: unk
Goal: match relevance for likely click."
I0139,"Item Metadata:
- item_id: I0139
- Category: unk
- Shop: unk
- Brand: unk
Goal: match relevance for likely click."
I0053,"Item Metadata:
- item_id: I0053
- Category: unk
- Shop: unk
- Brand: unk
Goal: match relevance for likely click."
I0364,"Item Metadata:
- item_id: I0364
- Category: unk
- Shop: unk
- Brand: unk
Goal: match relevance for likely click."
I0015,"Item Metadata:
- item_id: I0015
- Category: unk
- Shop: unk
- Brand: unk
Goal: match relevance for likely click."
I0043,"Item Metadata:
- item_id: I0043
- Category: unk
- Shop: unk
- Brand: unk
Goal: match relevance for likely click."
I0304,"Item Metadata:
- item_id: I0304
- Category: unk
- Shop: unk
- Brand: unk
Goal: match relevance for likely click."
I0423,"Item Metadata:
- item_id: I0423
- Category: unk
- Shop: unk
- Brand: unk
Goal: match relevance for likely click."
I0194,"Item Metadata:
- item_id: I0194
- Category: unk
- Shop: unk
- Brand: unk
Goal: match relevance for likely click."
I0317,"Item Metadata:
- item_id: I0317
- Category: unk
- Shop: unk
- Brand: unk
Goal: match relevance for likely click."
I0205,"Item Metadata:
- item_id: I0205
- Category: unk
- Shop: unk
- Brand: unk
Goal: match relevance for likely click."
I0264,"Item Metadata:
- item_id: I0264
- Category: unk
- Shop: unk
- Brand: unk
Goal: match relevance for likely click."
I0306,"Item Metadata:
- item_id: I0306
- Category: unk
- Shop: unk
- Brand: unk
Goal: match relevance for likely click."
I0014,"Item Metadata:
- item_id: I0014
- Category: unk
- Shop: unk
- Brand: unk
Goal: match relevance for likely click."
I0384,"Item Metadata:
- item_id: I0384
- Category: unk
- Shop: unk
- Brand: unk
Goal: match relevance for likely click."
I0056,"Item Metadata:
- item_id: I0056
- Category: unk
- Shop: unk
- Brand: unk
Goal: match relevance for likely click."
I0452,"Item Metadata:
- item_id: I0452
- Category: unk
- Shop: unk
- Brand: unk
Goal: match relevance for likely click."
I0144,"Item Metadata:
- item_id: I0144
- Category: unk
- Shop: unk
- Brand: unk
Goal: match relevance for likely click."
I0033,"Item Metadata:
- item_id: I0033
- Category: unk
- Shop: unk
- Brand: unk
Goal: match relevance for likely click."
I0301,"Item Metadata:
- item_id: I0301
- Category: unk
- Shop: unk
- Brand: unk
Goal: match relevance for likely click."
I0142,"Item Metadata:
- item_id: I0142
- Category: unk
- Shop: unk
- Brand: unk
Goal: match relevance for likely click."
I0353,"Item Metadata:
- item_id: I0353
- Category: unk
- Shop: unk
- Brand: unk
Goal: match relevance for likely click."
I0027,"Item Metadata:
- item_id: I0027
- Category: unk
- Shop: unk
- Brand: unk
Goal: match relevance for likely click."
I0159,"Item Metadata:
- item_id: I0159
- Category: unk
- Shop: unk
- Brand: unk
Goal: match relevance for likely click."
I0248,"Item Metadata:
- item_id: I0248
- Category: unk
- Shop: unk
- Brand: unk
Goal: match relevance for likely click."
I0252,"Item Metadata:
- item_id: I0252
- Category: unk
- Shop: unk
- Brand: unk
Goal: match relevance for likely click."
I0222,"Item Metadata:
- item_id: I0222
- Category: unk
- Shop: unk
- Brand: unk
Goal: match relevance for likely click."
I0469,"Item Metadata:
- item_id: I0469
- Category: unk
- Shop: unk
- Brand: unk
Goal: match relevance for likely click."
