product_id,product_name,prompt
P01,Bảo hiểm Sức khỏe Toàn diện,"Insurance Product:
- Mã sản phẩm: P01
- Tên sản phẩm: Bảo hiểm Sức khỏe Toàn diện
- Mô tả: Đối tượng phù hợp: Mọi cá nhân và gia đình mong muốn được bảo vệ tài chính trước các rủi ro về sức khỏe, từ khám chữa bệnh thông thường đến điều trị nội trú phức tạp.
Quyền lợi chính:
- Chi trả 100% chi phí điều trị nội trú, phẫu thuật, và chi phí phòng, giường bệnh.
- Quyền lợi điều trị ngoại trú, nha khoa, và thai sản tùy chọn.
- Bảo lãnh viện phí tại hàng trăm bệnh viện và phòng khám chất lượng cao trên toàn quốc.
Điểm nổi bật: Thủ tục bồi thường nhanh gọn, không giới hạn số lần khám chữa bệnh. Là tấm lá chắn tài chính vững chắc cho sức khỏe của bạn.
Goal: match to users who would benefit most."
P02,Bảo hiểm Bệnh hiểm nghèo,"Insurance Product:
- Mã sản phẩm: P02
- Tên sản phẩm: Bảo hiểm Bệnh hiểm nghèo
- Mô tả: Đối tượng phù hợp: Người trưởng thành, đặc biệt là trụ cột kinh tế trong gia đình, muốn có một quỹ dự phòng lớn để đối phó với các bệnh lý nghiêm trọng.
Quyền lợi chính:
- Chi trả một lần toàn bộ số tiền bảo hiểm ngay khi có chẩn đoán mắc một trong các bệnh hiểm nghèo theo danh mục (ung thư, đột quỵ, suy thận, ...).
- Hỗ trợ tài chính kịp thời để trang trải chi phí điều trị đắt đỏ và bù đắp thu nhập bị mất.
- Quyền lợi có thể được chi trả ở nhiều giai đoạn bệnh khác nhau.
Điểm nổi bật: Phí bảo hiểm hợp lý, quyền lợi chi trả lớn, giúp bạn an tâm chiến đấu với bệnh tật mà không phải lo lắng về gánh nặng tài chính.
Goal: match to users who would benefit most."
P03,Bảo hiểm Nhân thọ Tích lũy,"Insurance Product:
- Mã sản phẩm: P03
- Tên sản phẩm: Bảo hiểm Nhân thọ Tích lũy
- Mô tả: Đối tượng phù hợp: Những người có kế hoạch tài chính dài hạn, vừa muốn được bảo vệ trước rủi ro tử vong hoặc thương tật, vừa muốn xây dựng một quỹ tiết kiệm có kỷ luật.
Quyền lợi chính:
- Bảo vệ tài chính cho gia đình trước rủi ro tử vong hoặc thương tật toàn bộ vĩnh viễn của người được bảo hiểm.
- Nhận lại toàn bộ giá trị tài khoản hợp đồng khi đáo hạn, bao gồm gốc và lãi tích lũy.
- Các khoản thưởng duy trì hợp đồng định kỳ hấp dẫn.
Điểm nổi bật: Giải pháp 2 trong 1: Bảo vệ vững chắc và Tích lũy an toàn. Xây dựng tương lai bền vững cho bản thân và những người thân yêu.
Goal: match to users who would benefit most."
P04,Bảo hiểm Liên kết Đầu tư,"Insurance Product:
- Mã sản phẩm: P04
- Tên sản phẩm: Bảo hiểm Liên kết Đầu tư
- Mô tả: Đối tượng phù hợp: Khách hàng có khẩu vị rủi ro, am hiểu về đầu tư và mong muốn gia tăng tài sản một cách linh hoạt thông qua các quỹ đầu tư chuyên nghiệp.
Quyền lợi chính:
- Quyền lợi bảo vệ nhân thọ trước các rủi ro không lường trước.
- Linh hoạt lựa chọn các quỹ đầu tư (cổ phiếu, trái phiếu) để tối ưu hóa lợi nhuận kỳ vọng.
- Dễ dàng thay đổi tỷ lệ phân bổ đầu tư, rút tiền, hoặc đóng thêm phí để gia tăng giá trị tài khoản.
Điểm nổi bật: Tối đa hóa tiềm năng tăng trưởng tài sản trong dài hạn, đồng thời vẫn duy trì một lớp bảo vệ tài chính cốt lõi.
Goal: match to users who would benefit most."
P05,Bảo hiểm Hưu trí An nhàn,"Insurance Product:
- Mã sản phẩm: P05
- Tên sản phẩm: Bảo hiểm Hưu trí An nhàn
- Mô tả: Đối tượng phù hợp: Người lao động đang trong độ tuổi tích lũy, mong muốn có một nguồn thu nhập ổn định và độc lập về tài chính khi về hưu.
Quyền lợi chính:
- Tích lũy tài sản một cách có hệ thống trong suốt quá trình làm việc.
- Nhận quyền lợi hưu trí định kỳ (hàng tháng, hàng quý) sau khi đến tuổi nghỉ hưu.
- Vẫn được bảo vệ trước rủi ro tử vong hoặc thương tật trong thời gian đóng phí.
Điểm nổi bật: Đảm bảo một tuổi già an nhàn, độc lập, không phụ thuộc vào con cháu. Bắt đầu kế hoạch hưu trí của bạn ngay hôm nay.
Goal: match to users who would benefit most."
P06,Bảo hiểm Tai nạn Cá nhân,"Insurance Product:
- Mã sản phẩm: P06
- Tên sản phẩm: Bảo hiểm Tai nạn Cá nhân
- Mô tả: Đối tượng phù hợp: Mọi người, đặc biệt là những người thường xuyên di chuyển, làm việc trong môi trường có rủi ro cao hoặc tham gia các hoạt động thể thao.
Quyền lợi chính:
- Chi trả chi phí y tế phát sinh do tai nạn.
- Trợ cấp thu nhập trong thời gian nằm viện điều trị thương tật do tai nạn.
- Chi trả số tiền bảo hiểm lớn trong trường hợp tử vong hoặc thương tật toàn bộ vĩnh viễn do tai nạn.
Điểm nổi bật: Phạm vi bảo vệ 24/7 trên toàn thế giới. Mức phí cực kỳ thấp nhưng mang lại sự bảo vệ thiết thực trước những rủi ro bất ngờ nhất trong cuộc sống.
Goal: match to users who would benefit most."
P07,Bảo hiểm Sức khỏe cho Gia đình,"Insurance Product:
- Mã sản phẩm: P07
- Tên sản phẩm: Bảo hiểm Sức khỏe cho Gia đình
- Mô tả: Đối tượng phù hợp: Các gia đình có con nhỏ, muốn bảo vệ sức khỏe cho tất cả thành viên chỉ trong một hợp đồng duy nhất.
Quyền lợi chính:
- Tất cả thành viên trong gia đình (vợ, chồng, con cái) được bảo vệ chung trên một hợp đồng.
- Hạn mức bảo hiểm chung cho cả gia đình hoặc riêng cho từng thành viên.
- Bao gồm đầy đủ các quyền lợi nội trú, ngoại trú, nha khoa.
Điểm nổi bật: Tiết kiệm chi phí và quản lý thuận tiện hơn so với việc mua nhiều hợp đồng riêng lẻ. Sự lựa chọn thông minh để bảo vệ tổ ấm của bạn.
Goal: match to users who would benefit most."
